fie_season,weapon,gender,category,rho,pvalue,rho_ts,pvalue_ts,rho2,pvalue2,n_fencers
2024/2025,Epee,Mens,Cadet,0.7325,7.1731284978062065e-09,0.8309,8.987284909692722e-13,0.822,2.518182874119878e-12,46
2025/2026,Epee,Mens,Cadet,0.894,1.2874186457701336e-49,0.8681,1.6798119028849586e-43,0.8887,3.018928688105591e-48,139
2014/2015,Epee,Mens,Junior,0.5944,2.857037517541579e-23,0.5332,3.1840270636392112e-18,0.9511,8.407518165022301e-118,229
2015/2016,Epee,Mens,Junior,0.5923,3.493551009796967e-21,0.5551,2.7478583109549522e-18,0.9383,2.1912814937008477e-97,209
2016/2017,Epee,Mens,Junior,0.6715,1.2976083257615573e-20,0.6535,2.8972240473682427e-19,0.9205,4.915860908761184e-61,147
2017/2018,Epee,Mens,Junior,0.6447,3.091850751085381e-23,0.6182,5.423908201286434e-21,0.9424,2.0314519487978876e-89,186
2018/2019,Epee,Mens,Junior,0.801,5.298328560064272e-48,0.7825,1.8272973713740118e-44,0.9338,2.55075134260566e-94,209
2019/2020,Epee,Mens,Junior,0.7746,7.35264731190226e-38,0.7349,2.4104734085053997e-32,0.8997,4.5346129313688187e-67,183
2020/2021,Epee,Mens,Junior,0.8661,7.976475337959886e-07,0.8725,5.261983891521176e-07,0.9714,1.1006743373408062e-12,20
2021/2022,Epee,Mens,Junior,0.8084,4.663389045466586e-40,0.8148,3.817541128829047e-41,0.9478,2.5785358027534047e-84,168
2022/2023,Epee,Mens,Junior,0.8327,4.687444928753449e-64,0.8207,9.487502621081748e-61,0.9487,5.6537833601153606e-123,244
2023/2024,Epee,Mens,Junior,0.803,2.796485950105036e-54,0.829,1.000464021438544e-60,0.9465,1.777247096336829e-116,235
2024/2025,Epee,Mens,Junior,0.8232,4.701612090942031e-70,0.8114,1.49174010515612e-66,0.9428,3.2016403714619086e-134,279
2025/2026,Epee,Mens,Junior,0.807,6.850866778114311e-84,0.7782,2.565905094055593e-74,0.953,1.069099298950111e-187,360
2014/2015,Epee,Mens,Senior,0.6616,1.0482061964394953e-146,0.6441,1.0657124940135197e-136,0.9574,0.0,1158
2015/2016,Epee,Mens,Senior,0.7011,1.747218116988613e-145,0.6899,4.0330003190388786e-139,0.9571,0.0,978
2016/2017,Epee,Mens,Senior,0.7278,2.5277298136079163e-175,0.7268,1.1768204992786168e-174,0.9613,0.0,1059
2017/2018,Epee,Mens,Senior,0.7223,8.640320526328029e-169,0.71,1.3298675133016794e-160,0.9583,0.0,1042
2018/2019,Epee,Mens,Senior,0.7813,8.882088846966842e-211,0.7752,1.7515702258453023e-205,0.9604,0.0,1021
2019/2020,Epee,Mens,Senior,0.7887,5.002730351075e-161,0.8087,1.8690502109129157e-175,0.9586,0.0,754
2020/2021,Epee,Mens,Senior,0.4555,2.5861933748063918e-14,0.4563,2.32173297103966e-14,0.8953,8.530679786844888e-90,252
2021/2022,Epee,Mens,Senior,0.9106,2.953637191978398e-259,0.8747,6.244360910994044e-213,0.959,0.0,672
2022/2023,Epee,Mens,Senior,0.8158,1.767727604950162e-257,0.8199,4.089920813220464e-262,0.9537,0.0,1075
2023/2024,Epee,Mens,Senior,0.8475,9.131002217389991e-260,0.8419,6.095046645989664e-253,0.9593,0.0,938
2024/2025,Epee,Mens,Senior,0.8269,1.7747260540863803e-267,0.8325,2.492239992781943e-274,0.9613,0.0,1063
2025/2026,Epee,Mens,Senior,0.7934,2.671690977911569e-262,0.7969,2.902336902023554e-266,0.9559,0.0,1208
2023/2024,Epee,Mens,Veterans,0.7112,9.865654026363645e-27,0.7979,1.135392061154943e-37,0.8908,1.0463420922833578e-57,165
2024/2025,Epee,Mens,Veterans,0.7492,1.7731257289081116e-35,0.7426,1.4543953582769587e-34,0.8887,1.452046061654791e-65,190
2024/2025,Epee,Womens,Cadet,0.8571,2.520440823148086e-11,0.8869,6.01882434928937e-13,0.9131,8.419790212641067e-15,36
2025/2026,Epee,Womens,Cadet,0.8442,1.2032767412424467e-38,0.8754,9.052777381194855e-45,0.8859,3.358010393069883e-47,138
2014/2015,Epee,Womens,Junior,0.712,2.154332045911305e-21,0.6485,7.354517530141613e-17,0.9339,5.084240237450578e-59,130
2015/2016,Epee,Womens,Junior,0.7527,1.4913121307045666e-27,0.7004,1.5195216796960953e-22,0.9486,7.493248500227889e-73,144
2016/2017,Epee,Womens,Junior,0.7949,1.7076321715977976e-33,0.7215,4.457840341550156e-25,0.9326,1.7810477111268346e-66,148
2017/2018,Epee,Womens,Junior,0.6786,2.180153362867919e-22,0.6421,1.6539173911129944e-19,0.9267,2.5333184597587888e-67,156
2018/2019,Epee,Womens,Junior,0.7798,7.841246174688686e-29,0.8049,6.202528077718981e-32,0.9412,1.4949072470115555e-64,135
2019/2020,Epee,Womens,Junior,0.7526,1.742223182714761e-19,0.7346,3.3528540070163132e-18,0.9235,1.464757361617659e-42,100
2020/2021,Epee,Womens,Junior,0.7005,0.0005830060047135009,0.774,6.207336697675271e-05,0.9239,6.178560616909568e-09,20
2021/2022,Epee,Womens,Junior,0.6766,1.1023468310740378e-21,0.6527,8.167607324411994e-20,0.9076,2.0162727802219317e-58,152
2022/2023,Epee,Womens,Junior,0.8329,1.1050502759677118e-49,0.8297,5.751098929080248e-49,0.9553,2.181005108666308e-100,188
2023/2024,Epee,Womens,Junior,0.7187,1.9970332756329534e-29,0.7321,5.432958987055317e-31,0.9257,8.317458961171146e-76,177
2024/2025,Epee,Womens,Junior,0.7794,1.3264870993153256e-48,0.7848,1.0588409645847409e-49,0.9447,2.488134527665881e-113,232
2025/2026,Epee,Womens,Junior,0.7529,2.4254862012380842e-55,0.7548,8.860531769453046e-56,0.9395,7.343257512533535e-139,296
2014/2015,Epee,Womens,Senior,0.7621,5.231610511038988e-125,0.7238,5.533259313548404e-107,0.9694,0.0,653
2015/2016,Epee,Womens,Senior,0.7989,1.5360542386515308e-142,0.7623,2.878663279726205e-122,0.9597,0.0,638
2016/2017,Epee,Womens,Senior,0.7938,3.069820168771815e-157,0.7987,1.5421937960500552e-160,0.9572,0.0,720
2017/2018,Epee,Womens,Senior,0.75,7.555767278150032e-136,0.7405,1.0689864541064023e-130,0.9641,0.0,747
2018/2019,Epee,Womens,Senior,0.8245,8.78770728385885e-197,0.8207,1.8392641234995616e-193,0.9638,0.0,789
2019/2020,Epee,Womens,Senior,0.7833,6.263274768037294e-136,0.7929,1.5158102603924193e-141,0.9565,0.0,650
2020/2021,Epee,Womens,Senior,0.4531,8.615065832373711e-13,0.4778,3.123971810245072e-14,0.9051,8.360991124298369e-85,225
2021/2022,Epee,Womens,Senior,0.8771,2.6630643266102096e-178,0.8142,1.0965325752591128e-132,0.9431,1.254603802748698e-266,555
2022/2023,Epee,Womens,Senior,0.8269,1.0320484686844822e-197,0.8386,1.853619070925747e-208,0.9603,0.0,784
2023/2024,Epee,Womens,Senior,0.8724,5.049917886018433e-226,0.8519,1.7237111497509e-204,0.9681,0.0,722
2024/2025,Epee,Womens,Senior,0.8498,1.3185466818561753e-231,0.8422,1.7130855319055152e-223,0.9551,0.0,827
2025/2026,Epee,Womens,Senior,0.8106,1.2689491229487822e-214,0.7929,7.140421601868759e-199,0.9527,0.0,916
2023/2024,Epee,Womens,Veterans,0.6901,3.877410562543872e-17,0.7317,5.0681782619811633e-20,0.922,3.7913788329721526e-47,112
2024/2025,Epee,Womens,Veterans,0.6528,8.071811764837207e-20,0.7251,4.4164282867500415e-26,0.8925,1.0136706375206642e-53,152
2024/2025,Foil,Mens,Cadet,0.9553,3.353373164193731e-14,0.9624,4.3911898474846155e-15,0.9707,2.2608691837163554e-16,26
2025/2026,Foil,Mens,Cadet,0.8653,6.069017916022832e-46,0.8854,9.297418414385112e-51,0.9384,9.697334149028753e-70,149
2014/2015,Foil,Mens,Junior,0.6407,4.759923427663346e-14,0.562,1.6781531208582808e-10,0.9124,1.0345181749773955e-43,110
2015/2016,Foil,Mens,Junior,0.8142,2.356443256870172e-25,0.7579,2.9096274235252026e-20,0.9313,1.1381238294016981e-45,102
2016/2017,Foil,Mens,Junior,0.6947,1.091206066690627e-15,0.6835,4.679974047677418e-15,0.9008,2.813278975719748e-37,100
2017/2018,Foil,Mens,Junior,0.7234,7.428781602896034e-14,0.6713,1.743038670345917e-11,0.9443,2.019053486890535e-38,78
2018/2019,Foil,Mens,Junior,0.7891,2.573938889226871e-23,0.6993,1.5099106406119482e-16,0.9385,6.701531075930538e-49,104
2019/2020,Foil,Mens,Junior,0.7865,5.631151940759645e-25,0.7733,1.0570998625679398e-23,0.9436,4.293513103947914e-55,113
2020/2021,Foil,Mens,Junior,0.5905,0.00987793107881917,0.5767,0.012224755277843126,0.9186,7.509956432935544e-08,18
2021/2022,Foil,Mens,Junior,0.7187,1.0429519664208205e-15,0.698,1.479822055423781e-14,0.9571,1.2009655972855085e-49,91
2022/2023,Foil,Mens,Junior,0.801,1.4355979854931623e-34,0.7672,3.7766517151686376e-30,0.9441,1.0240031110733278e-72,149
2023/2024,Foil,Mens,Junior,0.8307,2.350944292048956e-34,0.8231,3.0196328196456178e-33,0.9567,1.757730045695308e-70,130
2024/2025,Foil,Mens,Junior,0.8159,4.312367148634748e-52,0.8055,7.687333344034646e-50,0.9546,5.656443582926563e-113,213
2025/2026,Foil,Mens,Junior,0.859,1.8312720374705544e-59,0.858,3.29986327978018e-59,0.9551,1.5126642902262397e-106,200
2014/2015,Foil,Mens,Senior,0.7092,1.5266043324412325e-104,0.6833,2.8751814165560136e-94,0.9658,0.0,677
2015/2016,Foil,Mens,Senior,0.7761,7.090253024218388e-133,0.7647,1.004712408921045e-126,0.9539,0.0,655
2016/2017,Foil,Mens,Senior,0.7634,5.219025207196521e-146,0.7305,1.169855403019635e-127,0.9556,0.0,760
2017/2018,Foil,Mens,Senior,0.7102,9.716760933730215e-130,0.7078,1.7533796640514883e-128,0.9627,0.0,839
2018/2019,Foil,Mens,Senior,0.8199,2.679295430730246e-185,0.8397,1.2397079940059277e-202,0.9527,0.0,758
2019/2020,Foil,Mens,Senior,0.7992,2.0954924780335355e-147,0.8369,4.344213667452697e-174,0.9546,0.0,659
2020/2021,Foil,Mens,Senior,0.445,6.127648327750425e-10,0.4599,1.3580498864530833e-10,0.9133,8.465551966383862e-70,176
2021/2022,Foil,Mens,Senior,0.8049,5.712952170092072e-137,0.7983,3.819286337163413e-133,0.9571,0.0,597
2022/2023,Foil,Mens,Senior,0.807,3.6013020714609854e-188,0.8411,3.511259892600874e-219,0.9588,0.0,815
2023/2024,Foil,Mens,Senior,0.8514,6.690679849679138e-254,0.8501,2.259239795647629e-252,0.9605,0.0,900
2024/2025,Foil,Mens,Senior,0.8535,4.82705374687584e-257,0.8546,1.9855772240622432e-258,0.9615,0.0,902
2025/2026,Foil,Mens,Senior,0.8335,8.130320579986949e-250,0.8221,2.785561414203743e-237,0.962,0.0,963
2023/2024,Foil,Mens,Veterans,0.8098,4.978784867985269e-30,0.8407,2.7252772767910337e-34,0.8845,3.2015171229845385e-42,124
2024/2025,Foil,Mens,Veterans,0.6951,6.151842365422449e-21,0.8064,2.316116693125885e-32,0.8488,6.591937495412433e-39,136
2024/2025,Foil,Womens,Cadet,0.8813,3.11899384026074e-05,0.9254,2.1232470210282507e-06,0.9161,4.187533068215963e-06,14
2025/2026,Foil,Womens,Cadet,0.8353,7.318278153741666e-20,0.873,1.5977852974273035e-23,0.9551,1.0589290875560863e-38,72
2014/2015,Foil,Womens,Junior,0.6209,1.7139617261018912e-13,0.5903,4.8008392484389175e-12,0.9337,8.883760862961572e-52,114
2015/2016,Foil,Womens,Junior,0.7506,5.650406528640339e-25,0.6939,4.0079858837276525e-20,0.9302,5.3867727292178324e-58,131
2016/2017,Foil,Womens,Junior,0.7888,1.9618657559327838e-22,0.735,3.1556776177326186e-18,0.9063,1.9675096027161187e-38,100
2017/2018,Foil,Womens,Junior,0.797,4.6728867484210825e-26,0.8,2.2227471176984767e-26,0.936,3.736445325693478e-52,113
2018/2019,Foil,Womens,Junior,0.7107,1.4275506733936968e-17,0.6973,1.0116385595744761e-16,0.9066,9.140048777928158e-41,106
2019/2020,Foil,Womens,Junior,0.8794,8.655784848230127e-30,0.8471,1.29424700675618e-25,0.9425,3.557738650913569e-43,89
2021/2022,Foil,Womens,Junior,0.8227,2.3227281138251326e-13,0.8285,1.114914943955419e-13,0.9178,6.823888715345496e-21,50
2022/2023,Foil,Womens,Junior,0.7535,2.9400801120877673e-18,0.7542,2.610675364130566e-18,0.94,2.90962358198613e-44,93
2023/2024,Foil,Womens,Junior,0.8087,1.6914684161072086e-28,0.7676,3.701292439091205e-24,0.941,2.0093230639836277e-56,118
2024/2025,Foil,Womens,Junior,0.8488,1.2043794318896917e-43,0.8224,8.222458360656291e-39,0.9504,1.811002869180835e-78,153
2025/2026,Foil,Womens,Junior,0.7989,7.990442616040317e-46,0.7563,1.5947448736599209e-38,0.9487,1.8686779057796337e-101,201
2014/2015,Foil,Womens,Senior,0.7957,3.118036119318734e-95,0.7577,2.3516564109789744e-81,0.9583,6.798186269396984e-235,430
2015/2016,Foil,Womens,Senior,0.8459,3.345238815238046e-119,0.828,7.820204192718967e-110,0.9592,1.5859276815303765e-237,431
2016/2017,Foil,Womens,Senior,0.8318,7.431246862795122e-118,0.8203,5.560011068781e-112,0.96,1.3686975048557468e-252,455
2017/2018,Foil,Womens,Senior,0.8214,1.4387156799509905e-132,0.8022,6.484736853205231e-122,0.9678,0.0,537
2018/2019,Foil,Womens,Senior,0.8432,5.4541715810060026e-142,0.8408,1.8572269672328125e-140,0.9575,2.3203095109568958e-282,521
2019/2020,Foil,Womens,Senior,0.7881,1.1001509048850797e-96,0.8083,2.3570078276439573e-105,0.9641,9.391623603277208e-261,451
2020/2021,Foil,Womens,Senior,0.5187,2.1260214108551137e-12,0.4699,3.637651770924859e-10,0.8938,6.628625905558925e-57,160
2021/2022,Foil,Womens,Senior,0.8504,7.815990393521262e-130,0.8285,2.196889115358955e-117,0.9623,4.7549452169509445e-261,460
2022/2023,Foil,Womens,Senior,0.8501,3.848723576521494e-163,0.8522,1.0263399913319999e-164,0.9687,0.0,580
2023/2024,Foil,Womens,Senior,0.8807,1.3711321997478907e-209,0.8624,4.1525122995935566e-191,0.9617,0.0,641
2024/2025,Foil,Womens,Senior,0.8594,3.2539604761932063e-212,0.8506,1.9910694152237932e-203,0.9507,0.0,723
2025/2026,Foil,Womens,Senior,0.8062,9.575939852867867e-164,0.7955,2.2637015356112735e-156,0.9536,0.0,711
2023/2024,Foil,Womens,Veterans,0.6548,4.495723146742644e-12,0.7667,3.1097369667692106e-18,0.8406,1.2934242630866474e-24,88
2024/2025,Foil,Womens,Veterans,0.6736,3.996506135986459e-16,0.787,8.116658121120469e-25,0.8608,4.753976195379893e-34,112
2024/2025,Sabre,Mens,Cadet,0.9304,9.957962739959133e-14,0.899,1.4996359521677065e-11,0.8874,6.414606618356668e-11,30
2025/2026,Sabre,Mens,Cadet,0.8953,1.5717670137488522e-60,0.9065,1.9549311411283363e-64,0.9397,1.0136280561529993e-79,169
2014/2015,Sabre,Mens,Junior,0.7305,1.898598069983432e-24,0.7082,1.8362459818793019e-22,0.9443,5.4232968275146735e-68,139
2015/2016,Sabre,Mens,Junior,0.7807,2.2138724599071924e-30,0.7475,1.1927516642801419e-26,0.9374,5.253660943949412e-66,142
2016/2017,Sabre,Mens,Junior,0.7659,1.5466791793418002e-31,0.784,6.421348142857624e-34,0.9447,5.676064466057148e-77,157
2017/2018,Sabre,Mens,Junior,0.8054,8.44952044467661e-37,0.7771,8.751922408380991e-33,0.9547,6.09123310314897e-83,156
2018/2019,Sabre,Mens,Junior,0.8039,1.1316922787376909e-35,0.8302,6.783090096336387e-40,0.9205,4.19791631913596e-63,152
2019/2020,Sabre,Mens,Junior,0.8306,6.692562606953441e-37,0.8295,1.0077592912487513e-36,0.9296,1.0971577539115759e-61,140
2020/2021,Sabre,Mens,Junior,0.8163,0.0006633907313970304,0.7879,0.0013801062979511601,0.9608,1.8002626456620977e-07,13
2021/2022,Sabre,Mens,Junior,0.8509,2.4015769057613823e-35,0.8549,5.2426901776541654e-36,0.955,3.5650016061314957e-65,122
2022/2023,Sabre,Mens,Junior,0.8051,2.813254893547846e-39,0.7764,6.557897487480746e-35,0.9351,3.064818089615196e-76,167
2023/2024,Sabre,Mens,Junior,0.7816,4.43239221616285e-30,0.7513,1.1015379848030474e-26,0.9461,1.8912170164478097e-69,140
2024/2025,Sabre,Mens,Junior,0.808,1.869660915757679e-49,0.7784,9.93016518809325e-44,0.9283,7.098668922324965e-91,209
2025/2026,Sabre,Mens,Junior,0.848,2.648244725275704e-75,0.8335,1.6912434712212732e-70,0.9443,1.9671901028605345e-130,268
2014/2015,Sabre,Mens,Senior,0.7581,3.457025695128176e-104,0.7313,1.809011717109738e-93,0.9617,0.0,552
2015/2016,Sabre,Mens,Senior,0.7906,6.534957624809512e-127,0.7786,1.1261178985027838e-120,0.9585,0.0,588
2016/2017,Sabre,Mens,Senior,0.8031,9.333684064444195e-126,0.7873,1.3111872309622994e-117,0.9535,1.0063006889929163e-288,552
2017/2018,Sabre,Mens,Senior,0.8044,7.22375923598986e-135,0.7739,1.4409251432066263e-118,0.9604,0.0,589
2018/2019,Sabre,Mens,Senior,0.8467,2.2500915931843307e-164,0.825,6.944376893947383e-149,0.9608,0.0,594
2019/2020,Sabre,Mens,Senior,0.8093,3.72095565469834e-92,0.7972,1.6639527812661456e-87,0.9578,3.0948558148039214e-213,392
2020/2021,Sabre,Mens,Senior,0.6274,2.961706811413498e-25,0.61,1.3184710578497037e-23,0.8882,6.675476188056836e-75,218
2021/2022,Sabre,Mens,Senior,0.8879,9.51578740455882e-171,0.866,1.2577992281582397e-152,0.9603,1.8368822546450134e-279,502
2022/2023,Sabre,Mens,Senior,0.8312,4.3446881230120837e-166,0.8208,1.6402922695003632e-158,0.9607,0.0,645
2023/2024,Sabre,Mens,Senior,0.8521,4.23402382292902e-191,0.8562,6.524762259945874e-195,0.9534,0.0,674
2024/2025,Sabre,Mens,Senior,0.8409,1.743956648533992e-202,0.8324,1.0452653392888418e-194,0.9584,0.0,753
2025/2026,Sabre,Mens,Senior,0.8345,3.438740171992132e-207,0.8209,7.419378216029474e-195,0.9544,0.0,794
2023/2024,Sabre,Mens,Veterans,0.7078,1.1111909301799794e-19,0.7669,1.1271420873147466e-24,0.9249,8.326422920675376e-52,121
2024/2025,Sabre,Mens,Veterans,0.6733,5.847215779086351e-20,0.7012,3.599937232796954e-22,0.8909,1.737388817807639e-49,141
2024/2025,Sabre,Womens,Cadet,0.8429,1.6201598976832918e-06,0.9228,2.6154568861716935e-09,0.8895,6.886272591970551e-08,21
2025/2026,Sabre,Womens,Cadet,0.8807,9.121599638190648e-55,0.9044,3.427299884606472e-62,0.9463,7.739700127621569e-82,165
2014/2015,Sabre,Womens,Junior,0.6359,4.078661201719792e-13,0.6301,7.707906786179654e-13,0.9494,4.099367534920307e-53,104
2015/2016,Sabre,Womens,Junior,0.7534,1.6184799304397892e-17,0.71,6.664678129214448e-15,0.9526,1.0062598517496953e-46,89
2016/2017,Sabre,Womens,Junior,0.8547,4.228688074596938e-33,0.814,1.0454922532240174e-27,0.9328,1.4735215562537812e-50,112
2017/2018,Sabre,Womens,Junior,0.7534,1.3554305444476814e-23,0.712,3.7805958540202614e-20,0.8986,9.708714853305118e-45,122
2018/2019,Sabre,Womens,Junior,0.834,2.0631589834409988e-36,0.8258,3.894652576038598e-35,0.9485,8.87763663395185e-69,136
2019/2020,Sabre,Womens,Junior,0.8462,3.191165504146194e-33,0.8149,5.240185636746914e-29,0.9403,1.1713268779812163e-55,117
2020/2021,Sabre,Womens,Junior,0.6326,0.011385703811218235,0.5737,0.025352906238074964,0.9602,1.4253378150816159e-08,15
2021/2022,Sabre,Womens,Junior,0.8042,1.4496220474006995e-29,0.8199,1.421646226045063e-31,0.9363,9.977401003266223e-58,125
2022/2023,Sabre,Womens,Junior,0.8451,6.712059592915576e-37,0.8494,1.2904196585858277e-37,0.9294,1.037547772515622e-57,131
2023/2024,Sabre,Womens,Junior,0.7713,1.2120754748612187e-30,0.7421,2.5347560151157984e-27,0.9402,1.2610639714348041e-70,149
2024/2025,Sabre,Womens,Junior,0.7775,7.727632317964412e-50,0.7618,9.203407886821907e-47,0.9395,1.1010222099682815e-112,240
2025/2026,Sabre,Womens,Junior,0.8359,1.2525099555516772e-62,0.8307,3.3913749799582605e-61,0.9486,2.0221805065811534e-118,235
2014/2015,Sabre,Womens,Senior,0.8014,1.473562956760414e-110,0.7544,6.948061732722236e-91,0.9549,2.158836619166918e-258,488
2015/2016,Sabre,Womens,Senior,0.8509,8.655867421522737e-134,0.8398,5.245942773411489e-127,0.9572,7.73867995911136e-256,473
2016/2017,Sabre,Womens,Senior,0.8806,3.339351094174463e-129,0.8567,9.780653853788598e-115,0.9667,4.124863262765172e-234,394
2017/2018,Sabre,Womens,Senior,0.8432,8.79038596214383e-119,0.8093,4.1713685438275805e-102,0.9672,7.68826601395479e-260,435
2018/2019,Sabre,Womens,Senior,0.8889,2.324035851735585e-157,0.85,1.4092922549765234e-129,0.9629,9.357194104523341e-263,460
2019/2020,Sabre,Womens,Senior,0.8413,8.456128618469138e-100,0.8526,3.290428578218787e-105,0.9639,2.0393613267080905e-212,368
2020/2021,Sabre,Womens,Senior,0.4482,7.047792855565248e-10,0.3868,1.5924656619072165e-07,0.8627,3.2137004005553717e-52,172
2021/2022,Sabre,Womens,Senior,0.9142,1.7817092047928037e-166,0.8864,3.326449982082354e-142,0.968,1.3747184924912388e-253,421
2022/2023,Sabre,Womens,Senior,0.9146,1.403454387295697e-173,0.9014,1.2244248093626772e-160,0.9716,5.4144449996242394e-275,438
2023/2024,Sabre,Womens,Senior,0.8952,4.649582267463687e-154,0.8795,1.0602968006380791e-141,0.9668,1.124466916305062e-258,435
2024/2025,Sabre,Womens,Senior,0.8971,7.763072049013034e-190,0.8783,1.104330290836245e-171,0.9679,0.0,531
2025/2026,Sabre,Womens,Senior,0.8699,1.7884149159540578e-188,0.8504,1.905624980021888e-171,0.9623,0.0,609
2023/2024,Sabre,Womens,Veterans,0.7262,7.670405122017094e-13,0.6546,5.936307040981531e-10,0.8314,2.8169159493808213e-19,71
2024/2025,Sabre,Womens,Veterans,0.7405,3.6705499611658607e-16,0.7529,6.233856171327006e-17,0.8774,1.5834056599692621e-28,86
